frame_id,x,y,neighbour_size
0,701,187,31
0,666,182,31
0,685,211,31
0,699,180,31
0,677,245,31
0,566,245,31
0,558,245,31
0,685,244,31
0,563,241,31
0,560,241,31
0,685,208,31
0,637,187,31
0,701,193,31
0,681,240,31
0,621,192,31
0,611,220,31
0,695,191,31
0,658,191,31
0,657,189,31
0,560.4,241.2,37.2
0,562.8,241.2,37.2
0,698.4,180,37.2
0,684,207.6,37.2
0,666,181.2,37.2
0,702,186,37.2
0,621.6,190.8,37.2
0,696,190.8,37.2
0,678,243.6,37.2
0,684,243.6,37.2
0,565.2,244.8,37.2
0,558,244.8,37.2
0,685.2,211.2,37.2
0,687.6,229.2,37.2
0,657.6,190.8,37.2
0,686.88,228.96,44.64
0,560.16,240.48,44.64
0,678.24,243.36,44.64
0,558.72,243.36,44.64
0,620.64,190.08,44.64
0,564.48,244.8,44.64
0,666.72,180,44.64
0,682.56,207.36,44.64
0,682.56,243.36,44.64
0,696.96,190.08,44.64
0,699.84,192.96,44.64
0,698.4,180,44.64
0,563.328,243.648,53.568
0,559.872,243.648,53.568
0,687.744,212.544,53.568
0,667.008,195.264,53.568
0,679.104,243.648,53.568
0,679.104,209.088,53.568
0,682.56,243.648,53.568
0,699.84,181.44,53.568
0,682.56,207.36,53.568
0,667.008,179.712,53.568
0,698.112,190.08,53.568
0,703.296,186.624,53.568
0,687.744,229.824,53.568
0,667.699,180.403,64.2816
0,665.626,194.918,64.2816
0,678.067,209.434,64.2816
0,680.141,242.611,64.2816
0,682.214,207.36,64.2816
0,561.946,242.611,64.2816
0,698.803,180.403,64.2816
0,698.803,190.771,64.2816
0,666.87,181.647,77.1379
0,664.382,194.089,77.1379
0,679.312,243.855,77.1379
0,562.36,243.855,77.1379
0,679.312,209.019,77.1379
0,699.218,181.647,77.1379
0,539.966,194.089,77.1379
0,699.218,191.601,77.1379
0,549.421,238.879,92.5655
0,662.889,194.089,92.5655
0,540.463,197.075,92.5655
0,561.365,244.851,92.5655
0,680.805,241.865,92.5655
0,677.819,209.019,92.5655
0,543.449,212.005,92.5655
0,552.407,229.921,92.5655
0,713.053,182.742,111.079
0,662.889,189.909,111.079
0,680.805,243.656,111.079
0,562.56,243.656,111.079
0,541.06,211.408,111.079
0,548.227,236.49,111.079
0,551.81,229.324,111.079
0,544.644,193.492,111.079
0,680.805,207.825,111.079
1,637,187,31
1,685,242,31
1,563,242,31
1,560,242,31
1,685,211,31
1,678,245,31
1,686,245,31
1,699,181,31
1,685,209,31
1,667,189,31
1,659,193,31
1,696,191,31
1,558,246,31
1,566,246,31
1,659,182,31
1,612,221,31
1,701,188,31
1,622,192,31
1,688,230,31
1,701,194,31
1,678,208.8,37.2
1,684,208.8,37.2
1,676.8,180,37.2
1,660,181.2,37.2
1,699.6,181.2,37.2
1,685.2,211.2,37.2
1,560.4,241.2,37.2
1,680.4,241.2,37.2
1,658.8,192,37.2
1,685.2,243.6,37.2
1,558,244.8,37.2
1,565.2,244.8,37.2
1,678,244.8,37.2
1,697.2,190.8,37.2
1,621.6,190.8,37.2
1,702,187.2,37.2
1,688.8,230.4,37.2
1,657.6,189.6,37.2
1,685.44,211.68,44.64
1,699.84,181.44,44.64
1,659.52,181.44,44.64
1,678.24,208.8,44.64
1,678.24,244.8,44.64
1,564.48,244.8,44.64
1,558.72,244.8,44.64
1,684,243.36,44.64
1,560.16,241.92,44.64
1,682.56,208.8,44.64
1,688.32,230.4,44.64
1,702.72,185.76,44.64
1,696.96,191.52,44.64
1,666.72,190.08,44.64
1,701.28,192.96,44.64
1,658.368,190.08,53.568
1,559.872,245.376,53.568
1,698.112,190.08,53.568
1,563.328,245.376,53.568
1,684.288,243.648,53.568
1,679.104,209.088,53.568
1,679.104,243.648,53.568
1,684.288,209.088,53.568
1,689.472,231.552,53.568
1,667.008,195.264,53.568
1,661.824,181.44,53.568
1,699.84,181.44,53.568
1,661.479,182.477,64.2816
1,698.803,190.771,64.2816
1,663.552,194.918,64.2816
1,682.214,207.36,64.2816
1,690.509,232.243,64.2816
1,680.141,244.685,64.2816
1,698.803,180.403,64.2816
1,539.136,213.581,64.2816
1,539.136,194.918,64.2816
1,664.382,191.601,77.1379
1,666.87,196.577,77.1379
1,681.8,243.855,77.1379
1,562.36,243.855,77.1379
1,664.382,181.647,77.1379
1,699.218,181.647,77.1379
1,679.312,209.019,77.1379
1,704.195,181.647,77.1379
1,537.477,194.089,77.1379
1,561.365,244.851,92.5655
1,680.805,244.851,92.5655
1,680.805,209.019,92.5655
1,540.463,197.075,92.5655
1,665.875,194.089,92.5655
1,665.875,182.145,92.5655
1,540.463,212.005,92.5655
1,689.763,232.907,92.5655
1,662.889,193.492,111.079
1,666.472,182.742,111.079
1,541.06,211.408,111.079
1,548.227,236.49,111.079
1,541.06,197.075,111.079
1,558.976,214.991,111.079
1,562.56,243.656,111.079
1,648.556,182.742,111.079
1,680.805,243.656,111.079
1,680.805,207.825,111.079
1,580.475,200.658,111.079
2,686,212,31
2,681,247,31
2,656,186,31
2,558,247,31
2,687,246,31
2,679,246,31
2,652,182,31
2,566,246,31
2,682,242,31
2,700,181,31
2,685,209,31
2,698,192,31
2,622,192,31
2,620,191,31
2,702,188,31
2,661,189,31
2,689,231,31
2,562,242,31
2,635,201,31
2,637,187,31
2,659,193,31
2,612,221,31
2,702,194,31
2,678,209,31
2,699.6,181.2,37.2
2,654,181.2,37.2
2,684,208.8,37.2
2,686.4,244.8,37.2
2,679.2,244.8,37.2
2,558,246,37.2
2,679.2,208.8,37.2
2,685.2,211.2,37.2
2,698.4,190.8,37.2
2,565.2,246,37.2
2,622.8,192,37.2
2,681.6,241.2,37.2
2,661.2,189.6,37.2
2,560.4,242.4,37.2
2,658.8,192,37.2
2,703.2,187.2,37.2
2,676.8,180,37.2
2,636,187.2,37.2
2,622.08,191.52,44.64
2,558.72,244.8,44.64
2,679.68,244.8,44.64
2,685.44,244.8,44.64
2,560.16,241.92,44.64
2,564.48,246.24,44.64
2,684,208.8,44.64
2,678.24,208.8,44.64
2,653.76,181.44,44.64
2,699.84,181.44,44.64
2,696.96,191.52,44.64
2,658.08,190.08,44.64
2,702.72,187.2,44.64
2,688.32,230.4,44.64
2,665.28,190.08,53.568
2,684.288,209.088,53.568
2,699.84,181.44,53.568
2,679.104,209.088,53.568
2,559.872,245.376,53.568
2,563.328,245.376,53.568
2,680.832,245.376,53.568
2,698.112,191.808,53.568
2,658.368,190.08,53.568
2,691.2,231.552,53.568
2,654.912,183.168,53.568
2,684.288,209.434,64.2816
2,665.626,190.771,64.2816
2,657.331,182.477,64.2816
2,561.946,244.685,64.2816
2,682.214,244.685,64.2816
2,680.141,209.434,64.2816
2,665.626,196.992,64.2816
2,698.803,190.771,64.2816
2,700.877,180.403,64.2816
2,657.331,188.698,64.2816
2,690.509,232.243,64.2816
2,646.963,181.647,77.1379
2,552.407,233.902,77.1379
2,656.917,184.136,77.1379
2,699.218,181.647,77.1379
2,562.36,243.855,77.1379
2,681.8,243.855,77.1379
2,679.312,209.019,77.1379
2,664.382,196.577,77.1379
2,659.903,182.145,92.5655
2,665.875,194.089,92.5655
2,644.973,182.145,92.5655
2,680.805,244.851,92.5655
2,561.365,244.851,92.5655
2,680.805,209.019,92.5655
2,552.407,232.907,92.5655
2,692.748,232.907,92.5655
2,701.706,182.145,92.5655
2,549.421,238.879,92.5655
2,655.722,182.742,111.079
2,680.805,243.656,111.079
2,562.56,243.656,111.079
2,558.976,214.991,111.079
2,691.554,232.907,111.079
2,551.81,232.907,111.079
2,644.973,182.742,111.079
2,580.475,200.658,111.079
2,541.06,211.408,111.079
2,666.472,193.492,111.079
3,690,232,31
3,613,222,31
3,703,188,31
3,611,221,31
3,661,194,31
3,697,192,31
3,686,209,31
3,660,192,31
3,688,246,31
3,558,247,31
3,566,247,31
3,680,247,31
3,583,195,31
3,620,191,31
3,623,193,31
3,686,212,31
3,562,243,31
3,659,186,31
3,700,181,31
3,676,180,31
3,643,181,31
3,637,187,31
3,703,194,31
3,538,189,31
3,658.8,186,37.2
3,680.4,246,37.2
3,565.2,246,37.2
3,687.6,246,37.2
3,690,231.6,37.2
3,626.4,190.8,37.2
3,558,247.2,37.2
3,679.2,208.8,37.2
3,676.8,180,37.2
3,685.2,208.8,37.2
3,686.4,212.4,37.2
3,643.2,181.2,37.2
3,700.8,181.2,37.2
3,622.8,192,37.2
3,660,192,37.2
3,698.4,192,37.2
3,703.2,187.2,37.2
3,645.6,182.4,37.2
3,560.4,242.4,37.2
3,682.8,242.4,37.2
3,685.2,242.4,37.2
3,619.2,190.8,37.2
3,622.08,191.52,44.64
3,698.4,191.52,44.64
3,699.84,181.44,44.64
3,684,208.8,44.64
3,560.16,243.36,44.64
3,681.12,244.8,44.64
3,558.72,246.24,44.64
3,564.48,246.24,44.64
3,685.44,246.24,44.64
3,659.52,191.52,44.64
3,640.8,181.44,44.64
3,646.56,182.88,44.64
3,658.08,185.76,44.64
3,689.76,231.84,44.64
3,704.16,187.2,44.64
3,540,185.76,44.64
3,676.8,180,44.64
3,667.008,196.992,53.568
3,701.568,181.44,53.568
3,698.112,191.808,53.568
3,660.096,190.08,53.568
3,684.288,209.088,53.568
3,691.2,233.28,53.568
3,563.328,243.648,53.568
3,641.088,181.44,53.568
3,559.872,245.376,53.568
3,686.016,245.376,53.568
3,565.056,247.104,53.568
3,705.024,186.624,53.568
3,646.272,183.168,53.568
3,690.509,213.581,64.2816
3,700.877,182.477,64.2816
3,665.626,196.992,64.2816
3,692.583,234.317,64.2816
3,698.803,190.771,64.2816
3,684.288,209.434,64.2816
3,680.141,209.434,64.2816
3,682.214,244.685,64.2816
3,561.946,244.685,64.2816
3,701.706,191.601,77.1379
3,681.8,211.507,77.1379
3,681.8,246.344,77.1379
3,666.87,186.624,77.1379
3,701.706,181.647,77.1379
3,664.382,196.577,77.1379
3,562.36,246.344,77.1379
3,539.966,213.996,77.1379
3,668.861,197.075,92.5655
3,680.805,209.019,92.5655
3,537.477,214.991,92.5655
3,701.706,182.145,92.5655
3,683.791,244.851,92.5655
3,561.365,244.851,92.5655
3,692.748,232.907,92.5655
3,665.875,188.117,92.5655
3,552.407,235.893,92.5655
3,650.945,182.145,92.5655
3,579.281,200.061,92.5655
3,541.06,211.408,111.079
3,537.477,193.492,111.079
3,684.388,243.656,111.079
3,666.472,193.492,111.079
3,551.81,232.907,111.079
3,562.56,247.24,111.079
3,580.475,200.658,111.079
3,558.976,214.991,111.079
3,691.554,232.907,111.079
4,635,182,31
4,689,248,31
4,681,248,31
4,703,189,31
4,566,248,31
4,558,248,31
4,621,192,31
4,637,188,31
4,661,193,31
4,559,245,31
4,701,181,31
4,562,244,31
4,686,213,31
4,623,193,31
4,677,180,31
4,686,210,31
4,639,184,31
4,613,222,31
4,691,233,31
4,704,195,31
4,642,186,31
4,538.8,186,37.2
4,661.2,193.2,37.2
4,676.8,180,37.2
4,684,243.6,37.2
4,700.8,181.2,37.2
4,622.8,192,37.2
4,699.6,192,37.2
4,685.2,210,37.2
4,636,187.2,37.2
4,691.2,232.8,37.2
4,560.4,243.6,37.2
4,686.4,243.6,37.2
4,681.6,247.2,37.2
4,688.8,247.2,37.2
4,558,248.4,37.2
4,565.2,248.4,37.2
4,704.4,188.4,37.2
4,686.4,212.4,37.2
4,680.4,210,37.2
4,699.84,181.44,44.64
4,684,210.24,44.64
4,564.48,247.68,44.64
4,558.72,247.68,44.64
4,686.88,246.24,44.64
4,681.12,246.24,44.64
4,691.2,233.28,44.64
4,685.44,243.36,44.64
4,561.6,243.36,44.64
4,698.4,192.96,44.64
4,704.16,187.2,44.64
4,623.52,191.52,44.64
4,540,185.76,44.64
4,702.72,194.4,44.64
4,659.52,191.52,44.64
4,676.8,180,44.64
4,667.008,196.992,53.568
4,689.472,214.272,53.568
4,628.992,188.352,53.568
4,682.56,247.104,53.568
4,565.056,247.104,53.568
4,701.568,181.44,53.568
4,559.872,247.104,53.568
4,561.6,243.648,53.568
4,692.928,233.28,53.568
4,660.096,191.808,53.568
4,699.84,191.808,53.568
4,684.288,210.816,53.568
4,670.464,198.72,53.568
4,659.405,190.771,64.2816
4,700.877,192.845,64.2816
4,564.019,246.758,64.2816
4,682.214,211.507,64.2816
4,682.214,246.758,64.2816
4,669.773,196.992,64.2816
4,700.877,182.477,64.2816
4,630.375,188.698,64.2816
4,692.583,234.317,64.2816
4,707.098,186.624,64.2816
4,666.87,196.577,77.1379
4,681.8,246.344,77.1379
4,681.8,211.507,77.1379
4,701.706,191.601,77.1379
4,562.36,246.344,77.1379
4,666.87,186.624,77.1379
4,701.706,181.647,77.1379
4,554.896,233.902,77.1379
4,691.753,233.902,77.1379
4,537.477,216.484,77.1379
4,629.545,189.112,77.1379
4,537.477,194.089,92.5655
4,552.407,235.893,92.5655
4,561.365,247.837,92.5655
4,665.875,188.117,92.5655
4,683.791,244.851,92.5655
4,668.861,197.075,92.5655
4,537.477,214.991,92.5655
4,680.805,212.005,92.5655
4,701.706,182.145,92.5655
4,707.678,182.145,92.5655
4,548.227,240.073,111.079
4,537.477,214.991,111.079
4,666.472,197.075,111.079
4,537.477,193.492,111.079
4,684.388,247.24,111.079
4,551.81,232.907,111.079
4,562.56,247.24,111.079
4,580.475,200.658,111.079
4,702.304,189.909,111.079
5,704,189,31
5,559,246,31
5,690,248,31
5,558,249,31
5,566,249,31
5,624,194,31
5,682,249,31
5,687,213,31
5,687,211,31
5,662,195,31
5,677,180,31
5,701,182,31
5,621,192,31
5,561,245,31
5,537,189,31
5,705,196,31
5,692,234,31
5,613,184,31
5,564,245,31
5,686,244,31
5,698,193,31
5,614,223,31
5,637,202,31
5,637.2,187.2,37.2
5,704.4,188.4,37.2
5,687.6,213.6,37.2
5,661.2,192,37.2
5,564,244.8,37.2
5,560.4,244.8,37.2
5,558,248.4,37.2
5,565.2,248.4,37.2
5,690,248.4,37.2
5,702,181.2,37.2
5,699.6,193.2,37.2
5,624,193.2,37.2
5,681.6,211.2,37.2
5,686.4,210,37.2
5,686.4,243.6,37.2
5,676.8,180,37.2
5,556.8,232.8,37.2
5,536.4,189.6,37.2
5,671.04,198.72,44.64
5,701.28,181.44,44.64
5,630.72,185.76,44.64
5,560.16,244.8,44.64
5,558.72,247.68,44.64
5,564.48,247.68,44.64
5,682.56,247.68,44.64
5,688.32,247.68,44.64
5,637.92,187.2,44.64
5,685.44,210.24,44.64
5,681.12,210.24,44.64
5,563.04,244.8,44.64
5,686.88,244.8,44.64
5,666.72,190.08,44.64
5,692.64,234.72,44.64
5,705.6,187.2,44.64
5,699.84,192.96,44.64
5,623.52,191.52,44.64
5,660.96,192.96,44.64
5,555.84,233.28,44.64
5,538.56,185.76,44.64
5,676.8,180,44.64
5,660.96,185.76,44.64
5,630.72,184.896,53.568
5,667.008,190.08,53.568
5,565.056,248.832,53.568
5,699.84,191.808,53.568
5,559.872,248.832,53.568
5,706.752,188.352,53.568
5,563.328,245.376,53.568
5,694.656,235.008,53.568
5,660.096,191.808,53.568
5,623.808,191.808,53.568
5,668.736,198.72,53.568
5,684.288,247.104,53.568
5,687.744,247.104,53.568
5,701.568,181.44,53.568
5,686.016,210.816,53.568
5,639.36,186.624,53.568
5,628.301,184.55,64.2816
5,564.019,248.832,64.2816
5,684.288,246.758,64.2816
5,669.773,196.992,64.2816
5,700.877,182.477,64.2816
5,682.214,211.507,64.2816
5,667.699,190.771,64.2816
5,700.877,192.845,64.2816
5,659.405,190.771,64.2816
5,707.098,188.698,64.2816
5,694.656,236.39,64.2816
5,555.725,234.317,64.2816
5,534.989,217.728,64.2816
5,701.706,181.647,77.1379
5,627.057,184.136,77.1379
5,637.01,184.136,77.1379
5,666.87,191.601,77.1379
5,701.706,191.601,77.1379
5,562.36,248.832,77.1379
5,684.288,248.832,77.1379
5,554.896,233.902,77.1379
5,681.8,211.507,77.1379
5,694.241,236.39,77.1379
5,537.477,216.484,77.1379
5,561.365,247.837,92.5655
5,552.407,235.893,92.5655
5,668.861,197.075,92.5655
5,665.875,191.103,92.5655
5,683.791,247.837,92.5655
5,701.706,191.103,92.5655
5,537.477,214.991,92.5655
5,701.706,182.145,92.5655
5,695.734,235.893,92.5655
5,639.001,185.131,92.5655
5,627.057,182.145,92.5655
5,666.472,197.075,111.079
5,684.388,247.24,111.079
5,562.56,247.24,111.079
5,537.477,193.492,111.079
5,702.304,182.742,111.079
5,580.475,200.658,111.079
5,537.477,214.991,111.079
5,691.554,257.989,111.079
5,698.72,236.49,111.079
5,541.06,186.325,111.079
6,561,245,31
6,691,249,31
6,683,249,31
6,684,246,31
6,567,250,31
6,682,211,31
6,705,189,31
6,702,182,31
6,622,192,31
6,686,245,31
6,625,194,31
6,663,195,31
6,637,202,31
6,665,186,31
6,687,211,31
6,687,213,31
6,694,234,31
6,699,193,31
6,669,186,31
6,689,245,31
6,613,184,31
6,536,189,31
6,706,196,31
6,639,187,31
6,558,232,31
6,682.8,211.2,37.2
6,537.6,186,37.2
6,693.6,234,37.2
6,686.4,210,37.2
6,688.8,213.6,37.2
6,564,244.8,37.2
6,631.2,189.6,37.2
6,624,193.2,37.2
6,678,180,37.2
6,705.6,188.4,37.2
6,699.6,193.2,37.2
6,662.4,193.2,37.2
6,702,181.2,37.2
6,685.2,244.8,37.2
6,690,248.4,37.2
6,688.8,244.8,37.2
6,684,248.4,37.2
6,566.4,248.4,37.2
6,558,248.4,37.2
6,668.4,186,37.2
6,559.2,246,37.2
6,535.2,189.6,37.2
6,636,201.6,37.2
6,705.6,195.6,37.2
6,558,231.6,37.2
6,565.92,249.12,44.64
6,689.76,247.68,44.64
6,684,247.68,44.64
6,630.72,185.76,44.64
6,685.44,210.24,44.64
6,688.32,244.8,44.64
6,685.44,244.8,44.64
6,623.52,192.96,44.64
6,561.6,244.8,44.64
6,660.96,191.52,44.64
6,705.6,187.2,44.64
6,701.28,181.44,44.64
6,669.6,198.72,44.64
6,666.72,185.76,44.64
6,699.84,192.96,44.64
6,555.84,233.28,44.64
6,694.08,234.72,44.64
6,672.192,198.72,53.568
6,623.808,191.808,53.568
6,689.472,248.832,53.568
6,684.288,248.832,53.568
6,565.056,248.832,53.568
6,559.872,248.832,53.568
6,668.736,186.624,53.568
6,686.016,210.816,53.568
6,682.56,210.816,53.568
6,701.568,191.808,53.568
6,661.824,191.808,53.568
6,706.752,188.352,53.568
6,703.296,181.44,53.568
6,694.656,235.008,53.568
6,556.416,233.28,53.568
6,682.214,211.507,64.2816
6,684.288,248.832,64.2816
6,702.951,182.477,64.2816
6,628.301,184.55,64.2816
6,564.019,248.832,64.2816
6,667.699,186.624,64.2816
6,661.479,190.771,64.2816
6,700.877,192.845,64.2816
6,667.699,196.992,64.2816
6,671.846,199.066,64.2816
6,694.656,236.39,64.2816
6,555.725,234.317,64.2816
6,709.171,186.624,64.2816
6,701.706,181.647,77.1379
6,684.288,248.832,77.1379
6,659.405,186.624,77.1379
6,666.87,186.624,77.1379
6,562.36,248.832,77.1379
6,701.706,191.601,77.1379
6,669.358,199.066,77.1379
6,627.057,184.136,77.1379
6,694.241,236.39,77.1379
6,554.896,233.902,77.1379
6,681.8,211.507,77.1379
6,534.989,216.484,77.1379
6,665.875,197.075,92.5655
6,561.365,247.837,92.5655
6,656.917,185.131,92.5655
6,665.875,188.117,92.5655
6,639.001,182.145,92.5655
6,686.776,247.837,92.5655
6,701.706,182.145,92.5655
6,537.477,214.991,92.5655
6,701.706,191.103,92.5655
6,695.734,235.893,92.5655
6,552.407,235.893,92.5655
6,698.72,236.49,111.079
6,702.304,189.909,111.079
6,702.304,182.742,111.079
6,666.472,189.909,111.079
6,537.477,214.991,111.079
6,544.644,214.991,111.079
6,687.971,247.24,111.079
6,562.56,247.24,111.079
6,659.305,186.325,111.079
6,580.475,200.658,111.079
6,551.81,236.49,111.079
6,541.06,186.325,111.079
7,684,250,31
7,567,250,31
7,558,250,31
7,692,249,31
7,670,184,31
7,705,196,31
7,684,248,31
7,664,195,31
7,535,188,31
7,687,245,31
7,685,246,31
7,625,194,31
7,684,211,31
7,638,202,31
7,558,232,31
7,662,191,31
7,688,211,31
7,662,183,31
7,702,181,31
7,705,189,31
7,614,223,31
7,688,213,31
7,668,180,31
7,678,180,31
7,694,235,31
7,699,193,31
7,657,186,31
7,535,190,31
7,668.4,180,37.2
7,678,180,37.2
7,562.8,244.8,37.2
7,558,231.6,37.2
7,662.4,192,37.2
7,686.4,244.8,37.2
7,631.2,189.6,37.2
7,694.8,235.2,37.2
7,535.2,188.4,37.2
7,559.2,246,37.2
7,558,248.4,37.2
7,691.2,248.4,37.2
7,705.6,188.4,37.2
7,566.4,249.6,37.2
7,688.8,213.6,37.2
7,684,211.2,37.2
7,703.2,181.2,37.2
7,625.2,193.2,37.2
7,700.8,193.2,37.2
7,687.6,210,37.2
7,662.4,182.4,37.2
7,704.4,195.6,37.2
7,686.88,244.8,44.64
7,689.76,247.68,44.64
7,558.72,249.12,44.64
7,565.92,249.12,44.64
7,684,249.12,44.64
7,624.96,191.52,44.64
7,682.56,210.24,44.64
7,685.44,210.24,44.64
7,702.72,181.44,44.64
7,660.96,181.44,44.64
7,662.4,192.96,44.64
7,672.48,198.72,44.64
7,704.16,194.4,44.64
7,707.04,187.2,44.64
7,620.64,191.52,44.64
7,695.52,234.72,44.64
7,557.28,231.84,44.64
7,676.8,180,44.64
7,668.736,179.712,53.568
7,660.096,181.44,53.568
7,703.296,181.44,53.568
7,670.464,198.72,53.568
7,701.568,191.808,53.568
7,625.536,191.808,53.568
7,686.016,210.816,53.568
7,556.416,233.28,53.568
7,559.872,248.832,53.568
7,565.056,248.832,53.568
7,686.016,248.832,53.568
7,689.472,248.832,53.568
7,630.72,184.896,53.568
7,694.656,235.008,53.568
7,661.824,191.808,53.568
7,708.48,186.624,53.568
7,671.846,196.992,64.2816
7,702.951,182.477,64.2816
7,669.773,180.403,64.2816
7,564.019,248.832,64.2816
7,659.405,180.403,64.2816
7,686.362,248.832,64.2816
7,709.171,186.624,64.2816
7,661.479,190.771,64.2816
7,555.725,234.317,64.2816
7,630.375,184.55,64.2816
7,684.288,211.507,64.2816
7,702.951,192.845,64.2816
7,696.73,236.39,64.2816
7,590.976,190.771,64.2816
7,671.847,199.066,77.1379
7,704.195,181.647,77.1379
7,659.405,181.647,77.1379
7,562.36,248.832,77.1379
7,686.776,248.832,77.1379
7,629.545,184.136,77.1379
7,701.706,191.601,77.1379
7,554.896,233.902,77.1379
7,534.989,216.484,77.1379
7,696.73,236.39,77.1379
7,684.288,211.507,77.1379
7,668.861,197.075,92.5655
7,561.365,247.837,92.5655
7,653.931,185.131,92.5655
7,686.776,247.837,92.5655
7,701.706,191.103,92.5655
7,552.407,235.893,92.5655
7,537.477,214.991,92.5655
7,695.734,235.893,92.5655
7,701.706,182.145,92.5655
7,541.06,186.325,111.079
7,580.475,200.658,111.079
7,702.304,182.742,111.079
7,702.304,189.909,111.079
7,551.81,236.49,111.079
7,652.139,182.742,111.079
7,687.971,247.24,111.079
7,562.56,247.24,111.079
7,670.055,197.075,111.079
7,537.477,214.991,111.079
7,698.72,236.49,111.079
8,684,211,31
8,688,213,31
8,662,191,31
8,623,192,31
8,693,250,31
8,685,250,31
8,567,250,31
8,558,250,31
8,626,194,31
8,688,211,31
8,655,183,31
8,703,181,31
8,639,202,31
8,668,180,31
8,679,180,31
8,691,246,31
8,615,224,31
8,564,246,31
8,629,180,31
8,561,246,31
8,639,186,31
8,706,196,31
8,665,195,31
8,559,247,31
8,650,186,31
8,706,189,31
8,697,236,31
8,700,193,31
8,558,232,31
8,670,184,31
8,628,182,31
8,631.2,189.6,37.2
8,564,246,37.2
8,685.2,249.6,37.2
8,566.4,249.6,37.2
8,703.2,181.2,37.2
8,558,249.6,37.2
8,678,180,37.2
8,668.4,180,37.2
8,687.6,210,37.2
8,654,182.4,37.2
8,625.2,193.2,37.2
8,692.4,248.4,37.2
8,684,211.2,37.2
8,687.6,246,37.2
8,664.8,194.4,37.2
8,706.8,188.4,37.2
8,662.4,190.8,37.2
8,638.4,202.8,37.2
8,628.8,180,37.2
8,558,231.6,37.2
8,650.4,184.8,37.2
8,669.6,184.8,37.2
8,653.76,181.44,44.64
8,702.72,181.44,44.64
8,707.04,187.2,44.64
8,624.96,191.52,44.64
8,701.28,192.96,44.64
8,691.2,249.12,44.64
8,685.44,249.12,44.64
8,565.92,249.12,44.64
8,672.48,198.72,44.64
8,558.72,249.12,44.64
8,563.04,246.24,44.64
8,685.44,210.24,44.64
8,557.28,231.84,44.64
8,695.52,236.16,44.64
8,627.84,180,44.64
8,662.4,191.52,44.64
8,701.568,191.808,53.568
8,668.736,179.712,53.568
8,630.72,184.896,53.568
8,703.296,181.44,53.568
8,691.2,248.832,53.568
8,686.016,248.832,53.568
8,565.056,248.832,53.568
8,559.872,248.832,53.568
8,556.416,233.28,53.568
8,686.016,210.816,53.568
8,653.184,183.168,53.568
8,673.92,198.72,53.568
8,708.48,188.352,53.568
8,625.536,191.808,53.568
8,663.552,191.808,53.568
8,696.384,236.736,53.568
8,628.992,179.712,53.568
8,702.951,182.477,64.2816
8,686.362,248.832,64.2816
8,564.019,248.832,64.2816
8,630.375,184.55,64.2816
8,555.725,234.317,64.2816
8,669.773,180.403,64.2816
8,702.951,192.845,64.2816
8,709.171,186.624,64.2816
8,653.184,182.477,64.2816
8,590.976,190.771,64.2816
8,684.288,211.507,64.2816
8,661.479,190.771,64.2816
8,627.057,184.136,77.1379
8,669.358,199.066,77.1379
8,686.776,248.832,77.1379
8,704.195,191.601,77.1379
8,661.893,191.601,77.1379
8,562.36,248.832,77.1379
8,704.195,181.647,77.1379
8,554.896,233.902,77.1379
8,534.989,216.484,77.1379
8,650.945,182.145,92.5655
8,668.861,197.075,92.5655
8,686.776,247.837,92.5655
8,561.365,247.837,92.5655
8,641.987,185.131,92.5655
8,552.407,235.893,92.5655
8,704.692,182.145,92.5655
8,704.692,191.103,92.5655
8,652.139,182.742,111.079
8,687.971,247.24,111.079
8,670.055,197.075,111.079
8,562.56,247.24,111.079
8,551.81,236.49,111.079
8,702.304,182.742,111.079
8,702.304,189.909,111.079
8,580.475,200.658,111.079
8,537.477,214.991,111.079
8,698.72,236.49,111.079
8,541.06,186.325,111.079
8,637.806,182.742,111.079
9,701,192,31
9,623,192,31
9,685,211,31
9,697,236,31
9,663,191,31
9,689,213,31
9,706,189,31
9,558,232,31
9,647,183,31
9,629,192,31
9,703,181,31
9,678,180,31
9,626,194,31
9,668,180,31
9,648,180,31
9,666,195,31
9,694,250,31
9,629,180,31
9,558,251,31
9,615,224,31
9,689,211,31
9,567,251,31
9,707,196,31
9,686,251,31
9,561,246,31
9,689,246,31
9,693.6,249.6,37.2
9,686.4,249.6,37.2
9,690,213.6,37.2
9,566.4,249.6,37.2
9,702,193.2,37.2
9,558,249.6,37.2
9,706.8,188.4,37.2
9,685.2,211.2,37.2
9,646.8,182.4,37.2
9,664.8,194.4,37.2
9,691.2,246,37.2
9,688.8,246,37.2
9,626.4,193.2,37.2
9,564,246,37.2
9,704.4,181.2,37.2
9,688.8,210,37.2
9,648,180,37.2
9,678,180,37.2
9,628.8,180,37.2
9,638.4,202.8,37.2
9,558,231.6,37.2
9,697.2,236.4,37.2
9,706.8,195.6,37.2
9,669.6,184.8,37.2
9,704.16,181.44,44.64
9,645.12,182.88,44.64
9,629.28,180,44.64
9,565.92,250.56,44.64
9,692.64,249.12,44.64
9,686.88,249.12,44.64
9,558.72,249.12,44.64
9,624.96,192.96,44.64
9,707.04,187.2,44.64
9,701.28,192.96,44.64
9,688.32,246.24,44.64
9,563.04,246.24,44.64
9,560.16,246.24,44.64
9,705.6,194.4,44.64
9,696.96,236.16,44.64
9,673.92,198.72,44.64
9,557.28,231.84,44.64
9,686.88,210.24,44.64
9,662.4,190.08,44.64
9,625.536,191.808,53.568
9,559.872,248.832,53.568
9,687.744,248.832,53.568
9,691.2,248.832,53.568
9,565.056,250.56,53.568
9,668.736,179.712,53.568
9,705.024,181.44,53.568
9,630.72,184.896,53.568
9,672.192,198.72,53.568
9,708.48,188.352,53.568
9,663.552,191.808,53.568
9,628.992,179.712,53.568
9,644.544,183.168,53.568
9,687.744,210.816,53.568
9,556.416,233.28,53.568
9,649.728,179.712,53.568
9,698.112,236.736,53.568
9,663.552,190.771,64.2816
9,590.976,190.771,64.2816
9,636.595,182.477,64.2816
9,702.951,192.845,64.2816
9,709.171,186.624,64.2816
9,705.024,182.477,64.2816
9,630.375,182.477,64.2816
9,671.846,199.066,64.2816
9,669.773,180.403,64.2816
9,688.435,248.832,64.2816
9,564.019,248.832,64.2816
9,555.725,234.317,64.2816
9,698.803,238.464,64.2816
9,686.362,211.507,64.2816
9,562.36,248.832,77.1379
9,671.847,199.066,77.1379
9,689.265,248.832,77.1379
9,704.195,191.601,77.1379
9,661.893,191.601,77.1379
9,704.195,181.647,77.1379
9,629.545,181.647,77.1379
9,554.896,233.902,77.1379
9,592.22,189.112,77.1379
9,699.218,238.879,77.1379
9,704.692,182.145,92.5655
9,639.001,182.145,92.5655
9,561.365,250.823,92.5655
9,689.763,247.837,92.5655
9,552.407,235.893,92.5655
9,668.861,197.075,92.5655
9,624.071,182.145,92.5655
9,704.692,191.103,92.5655
9,698.72,238.879,92.5655
9,537.477,186.325,111.079
9,687.971,247.24,111.079
9,580.475,200.658,111.079
9,562.56,250.823,111.079
9,698.72,236.49,111.079
9,551.81,236.49,111.079
9,705.887,189.909,111.079
9,670.055,197.075,111.079
9,705.887,182.742,111.079
